{"cameraMode":{"drawMode":0,"name":"Shaded","section":"Shading Mode"},"sceneLighting":false,"audioPlay":false,"sceneViewState":{"m_AlwaysRefresh":false,"showFog":true,"showSkybox":false,"showFlares":true,"showImageEffects":true,"showParticleSystems":true,"showVisualEffectGraphs":true,"m_FxEnabled":true},"in2DMode":false,"pivot":{"x":4.052454948425293,"y":0.3750002384185791,"z":0.48686814308166506},"rotation":{"x":-0.06907536089420319,"y":0.9239259362220764,"z":-0.19858725368976594,"w":-0.320046067237854},"size":0.9019834995269775,"orthographic":false}