{"cameraMode":{"drawMode":0,"name":"Shaded","section":"Shading Mode"},"sceneLighting":false,"audioPlay":false,"sceneViewState":{"m_AlwaysRefresh":false,"showFog":true,"showSkybox":false,"showFlares":true,"showImageEffects":true,"showParticleSystems":true,"showVisualEffectGraphs":true,"m_FxEnabled":true},"in2DMode":false,"pivot":{"x":3.4625403881073,"y":0.2474040389060974,"z":-0.7199646234512329},"rotation":{"x":0.020761901512742044,"y":0.9691148996353149,"z":-0.22978569567203523,"w":0.08757355064153671},"size":0.9450675249099731,"orthographic":false}