{"cameraMode":{"drawMode":0,"name":"Shaded","section":"Shading Mode"},"sceneLighting":false,"audioPlay":false,"sceneViewState":{"m_AlwaysRefresh":false,"showFog":true,"showSkybox":false,"showFlares":true,"showImageEffects":true,"showParticleSystems":true,"showVisualEffectGraphs":true,"m_FxEnabled":true},"in2DMode":false,"pivot":{"x":-9.094685554504395,"y":1.5240874290466309,"z":6.972285747528076},"rotation":{"x":0.08071237057447434,"y":-0.02394833229482174,"z":0.0016999931540340186,"w":0.9965614676475525},"size":0.8660253882408142,"orthographic":false}