{"cameraMode":{"drawMode":0,"name":"Shaded","section":"Shading Mode"},"sceneLighting":true,"audioPlay":false,"sceneViewState":{"m_AlwaysRefresh":false,"showFog":true,"showSkybox":true,"showFlares":true,"showImageEffects":true,"showParticleSystems":true,"showVisualEffectGraphs":true,"m_FxEnabled":true},"in2DMode":false,"pivot":{"x":-0.46000170707702639,"y":2.6384353637695314,"z":51.919403076171878},"rotation":{"x":-0.05273988097906113,"y":-0.04133330658078194,"z":0.002184903249144554,"w":-0.9977510571479797},"size":1.1445523500442505,"orthographic":false}