{"cameraMode":{"drawMode":0,"name":"Shaded","section":"Shading Mode"},"sceneLighting":true,"audioPlay":false,"sceneViewState":{"m_AlwaysRefresh":false,"showFog":true,"showSkybox":true,"showFlares":true,"showImageEffects":true,"showParticleSystems":true,"showVisualEffectGraphs":true,"m_FxEnabled":true},"in2DMode":false,"pivot":{"x":25.871456146240236,"y":-13.698932647705079,"z":16.427799224853517},"rotation":{"x":0.1971583217382431,"y":0.4966711699962616,"z":-0.11697910726070404,"w":0.8371015191078186},"size":18.65339469909668,"orthographic":false}