{"cameraMode":{"drawMode":0,"name":"Shaded","section":"Shading Mode"},"sceneLighting":true,"audioPlay":false,"sceneViewState":{"m_AlwaysRefresh":false,"showFog":true,"showSkybox":true,"showFlares":true,"showImageEffects":true,"showParticleSystems":true,"showVisualEffectGraphs":true,"m_FxEnabled":true},"in2DMode":false,"pivot":{"x":55.598915100097659,"y":11.394195556640625,"z":16.738603591918947},"rotation":{"x":-0.03151668235659599,"y":0.8133142590522766,"z":-0.04419691115617752,"w":-0.579265832901001},"size":5.791079044342041,"orthographic":true}