{"cameraMode":{"drawMode":0,"name":"Shaded","section":"Shading Mode"},"sceneLighting":true,"audioPlay":false,"sceneViewState":{"m_AlwaysRefresh":false,"showFog":true,"showSkybox":true,"showFlares":true,"showImageEffects":true,"showParticleSystems":true,"showVisualEffectGraphs":true,"m_FxEnabled":true},"in2DMode":false,"pivot":{"x":49.43545913696289,"y":-0.6853463649749756,"z":120.44377136230469},"rotation":{"x":-0.06210000813007355,"y":-0.14510835707187653,"z":0.009144560433924199,"w":-0.9874451756477356},"size":0.263924777507782,"orthographic":false}