{"cameraMode":{"drawMode":0,"name":"Shaded","section":"Shading Mode"},"sceneLighting":true,"audioPlay":false,"sceneViewState":{"m_AlwaysRefresh":false,"showFog":true,"showSkybox":true,"showFlares":true,"showImageEffects":true,"showParticleSystems":true,"showVisualEffectGraphs":true,"m_FxEnabled":true},"in2DMode":false,"pivot":{"x":-80.80816650390625,"y":188.43141174316407,"z":-97.05928039550781},"rotation":{"x":-0.28823480010032656,"y":-0.05110803619027138,"z":0.015404883772134781,"w":-0.9560813307762146},"size":284.97479248046877,"orthographic":false}