{"cameraMode":{"drawMode":0,"name":"Shaded","section":"Shading Mode"},"sceneLighting":true,"audioPlay":false,"sceneViewState":{"m_AlwaysRefresh":false,"showFog":true,"showSkybox":true,"showFlares":true,"showImageEffects":true,"showParticleSystems":true,"showVisualEffectGraphs":true,"m_FxEnabled":true},"in2DMode":false,"pivot":{"x":1.072615385055542,"y":2.298936367034912,"z":42.44058609008789},"rotation":{"x":-0.15103532373905183,"y":-0.049801647663116458,"z":0.007619233336299658,"w":-0.9872443079948425},"size":1.4905047416687012,"orthographic":false}