{"cameraMode":{"drawMode":0,"name":"Shaded","section":"Shading Mode"},"sceneLighting":true,"audioPlay":false,"sceneViewState":{"m_AlwaysRefresh":false,"showFog":true,"showSkybox":true,"showFlares":true,"showImageEffects":true,"showParticleSystems":true,"showVisualEffectGraphs":true,"m_FxEnabled":true},"in2DMode":false,"pivot":{"x":7.168318271636963,"y":5.5322465896606449,"z":29.024694442749025},"rotation":{"x":-0.10579310357570648,"y":0.20707421004772187,"z":-0.02227596566081047,"w":-0.9724823236465454},"size":1.1445523500442505,"orthographic":false}