{"cameraMode":{"drawMode":0,"name":"Shaded","section":"Shading Mode"},"sceneLighting":true,"audioPlay":false,"sceneViewState":{"m_AlwaysRefresh":false,"showFog":true,"showSkybox":true,"showFlares":true,"showImageEffects":true,"showParticleSystems":true,"showVisualEffectGraphs":true,"m_FxEnabled":true},"in2DMode":false,"pivot":{"x":1.3158981800079346,"y":2.0976171493530275,"z":1.9217389822006226},"rotation":{"x":-0.0246707946062088,"y":0.9746033549308777,"z":0.13352461159229279,"w":0.17863312363624574},"size":1.4271605014801026,"orthographic":false}