{"cameraMode":{"drawMode":0,"name":"Shaded","section":"Shading Mode"},"sceneLighting":true,"audioPlay":false,"sceneViewState":{"m_AlwaysRefresh":false,"showFog":true,"showSkybox":true,"showFlares":true,"showImageEffects":true,"showParticleSystems":true,"showVisualEffectGraphs":true,"m_FxEnabled":true},"in2DMode":false,"pivot":{"x":88.97480010986328,"y":-10.421130180358887,"z":120.28661346435547},"rotation":{"x":-0.018228581175208093,"y":-0.9774066805839539,"z":0.15335409343242646,"w":-0.15115730464458466},"size":1.4175992012023926,"orthographic":false}