{"cameraMode":{"drawMode":0,"name":"Shaded","section":"Shading Mode"},"sceneLighting":true,"audioPlay":false,"sceneViewState":{"m_AlwaysRefresh":false,"showFog":true,"showSkybox":true,"showFlares":true,"showImageEffects":true,"showParticleSystems":true,"showVisualEffectGraphs":true,"m_FxEnabled":true},"in2DMode":false,"pivot":{"x":-2.850264549255371,"y":15.963399887084961,"z":134.90097045898438},"rotation":{"x":-0.07092104852199555,"y":-0.0920521467924118,"z":-0.0065531982108950619,"w":0.9932331442832947},"size":42.83427429199219,"orthographic":false}