{"cameraMode":{"drawMode":0,"name":"Shaded","section":"Shading Mode"},"sceneLighting":true,"audioPlay":false,"sceneViewState":{"m_AlwaysRefresh":false,"showFog":true,"showSkybox":true,"showFlares":true,"showImageEffects":true,"showParticleSystems":true,"showVisualEffectGraphs":true,"m_FxEnabled":true},"in2DMode":false,"pivot":{"x":1.2976247072219849,"y":0.8265827894210815,"z":44.53353500366211},"rotation":{"x":0.008695227093994618,"y":-0.1934714913368225,"z":-0.0008156308904290199,"w":-0.9813538193702698},"size":1.3135838508605958,"orthographic":false}