{"cameraMode":{"drawMode":0,"name":"Shaded","section":"Shading Mode"},"sceneLighting":true,"audioPlay":false,"sceneViewState":{"m_AlwaysRefresh":false,"showFog":true,"showSkybox":true,"showFlares":true,"showImageEffects":true,"showParticleSystems":true,"showVisualEffectGraphs":true,"m_FxEnabled":true},"in2DMode":false,"pivot":{"x":-30.54554557800293,"y":-11.357590675354004,"z":21.681819915771486},"rotation":{"x":0.17581652104854585,"y":-0.42921528220176699,"z":0.08558117598295212,"w":0.8817679286003113},"size":18.65339469909668,"orthographic":false}