{"cameraMode":{"drawMode":0,"name":"Shaded","section":"Shading Mode"},"sceneLighting":true,"audioPlay":false,"sceneViewState":{"m_AlwaysRefresh":false,"showFog":true,"showSkybox":true,"showFlares":true,"showImageEffects":true,"showParticleSystems":true,"showVisualEffectGraphs":true,"m_FxEnabled":true},"in2DMode":false,"pivot":{"x":28.055198669433595,"y":22.645912170410158,"z":176.1722869873047},"rotation":{"x":-0.08998160064220429,"y":0.9093383550643921,"z":-0.26820167899131777,"w":-0.30508288741111758},"size":1.2765003442764283,"orthographic":false}