{"cameraMode":{"drawMode":0,"name":"Shaded","section":"Shading Mode"},"sceneLighting":true,"audioPlay":false,"sceneViewState":{"m_AlwaysRefresh":false,"showFog":true,"showSkybox":true,"showFlares":true,"showImageEffects":true,"showParticleSystems":true,"showVisualEffectGraphs":true,"m_FxEnabled":true},"in2DMode":false,"pivot":{"x":116.53865051269531,"y":-231.7727813720703,"z":102.78304290771485},"rotation":{"x":0.31788548827171328,"y":0.6762853264808655,"z":-0.4125761091709137,"w":0.5209934115409851},"size":200.91696166992188,"orthographic":false}