{"cameraMode":{"drawMode":0,"name":"Shaded","section":"Shading Mode"},"sceneLighting":true,"audioPlay":false,"sceneViewState":{"m_AlwaysRefresh":false,"showFog":true,"showSkybox":true,"showFlares":true,"showImageEffects":true,"showParticleSystems":true,"showVisualEffectGraphs":true,"m_FxEnabled":true},"in2DMode":false,"pivot":{"x":4.110633850097656,"y":1.7046003341674805,"z":-3.5974855422973635},"rotation":{"x":-0.051876410841941836,"y":0.9429890513420105,"z":-0.1762852519750595,"w":-0.2775002717971802},"size":7.9435906410217289,"orthographic":false}