{"cameraMode":{"drawMode":0,"name":"Shaded","section":"Shading Mode"},"sceneLighting":true,"audioPlay":false,"sceneViewState":{"m_AlwaysRefresh":false,"showFog":true,"showSkybox":true,"showFlares":true,"showImageEffects":true,"showParticleSystems":true,"showVisualEffectGraphs":true,"m_FxEnabled":true},"in2DMode":false,"pivot":{"x":0.08424949645996094,"y":3.1795544624328615,"z":-1.7851791381835938},"rotation":{"x":-0.1288098245859146,"y":-0.8470689654350281,"z":0.23884080350399018,"w":-0.4569588601589203},"size":35.35533905029297,"orthographic":true}