{"cameraMode":{"drawMode":0,"name":"Shaded","section":"Shading Mode"},"sceneLighting":true,"audioPlay":false,"sceneViewState":{"m_AlwaysRefresh":false,"showFog":true,"showSkybox":true,"showFlares":true,"showImageEffects":true,"showParticleSystems":true,"showVisualEffectGraphs":true,"m_FxEnabled":true},"in2DMode":false,"pivot":{"x":25.848970413208009,"y":-0.5984891057014465,"z":113.31858825683594},"rotation":{"x":0.006335608661174774,"y":0.9908357858657837,"z":-0.12583176791667939,"w":0.05157439410686493},"size":1.133187174797058,"orthographic":false}