{"cameraMode":{"drawMode":0,"name":"Shaded","section":"Shading Mode"},"sceneLighting":true,"audioPlay":false,"sceneViewState":{"m_AlwaysRefresh":false,"showFog":true,"showSkybox":true,"showFlares":true,"showImageEffects":true,"showParticleSystems":true,"showVisualEffectGraphs":true,"m_FxEnabled":true},"in2DMode":false,"pivot":{"x":-59.858497619628909,"y":-166.2937774658203,"z":408.8223571777344},"rotation":{"x":0.2167278677225113,"y":-0.08542434126138687,"z":0.019081778824329377,"w":0.9723492860794067},"size":200.91696166992188,"orthographic":false}