{"cameraMode":{"drawMode":0,"name":"Shaded","section":"Shading Mode"},"sceneLighting":true,"audioPlay":false,"sceneViewState":{"m_AlwaysRefresh":false,"showFog":true,"showSkybox":true,"showFlares":true,"showImageEffects":true,"showParticleSystems":true,"showVisualEffectGraphs":true,"m_FxEnabled":true},"in2DMode":false,"pivot":{"x":7.93782901763916,"y":0.8911672830581665,"z":43.19630432128906},"rotation":{"x":0.05508899688720703,"y":0.32568469643592837,"z":-0.019021479412913324,"w":0.9437255263328552},"size":0.945069432258606,"orthographic":false}