{"cameraMode":{"drawMode":0,"name":"Shaded","section":"Shading Mode"},"sceneLighting":false,"audioPlay":false,"sceneViewState":{"m_AlwaysRefresh":false,"showFog":true,"showSkybox":false,"showFlares":true,"showImageEffects":true,"showParticleSystems":true,"showVisualEffectGraphs":true,"m_FxEnabled":true},"in2DMode":false,"pivot":{"x":32.342742919921878,"y":-0.34153077006340029,"z":115.281494140625},"rotation":{"x":-0.055809423327445987,"y":0.9413998126983643,"z":-0.26999253034591677,"w":-0.19444705545902253},"size":1.9595927000045777,"orthographic":false}