{"cameraMode":{"drawMode":0,"name":"Shaded","section":"Shading Mode"},"sceneLighting":false,"audioPlay":false,"sceneViewState":{"m_AlwaysRefresh":false,"showFog":true,"showSkybox":false,"showFlares":true,"showImageEffects":true,"showParticleSystems":true,"showVisualEffectGraphs":true,"m_FxEnabled":true},"in2DMode":false,"pivot":{"x":-0.7150000333786011,"y":0.08332671225070954,"z":0.32268309593200686},"rotation":{"x":0.12141816318035126,"y":-0.705066978931427,"z":0.12452719360589981,"w":0.6875090003013611},"size":0.22446370124816895,"orthographic":false}