{"cameraMode":{"drawMode":0,"name":"Shaded","section":"Shading Mode"},"sceneLighting":false,"audioPlay":false,"sceneViewState":{"m_AlwaysRefresh":false,"showFog":true,"showSkybox":false,"showFlares":true,"showImageEffects":true,"showParticleSystems":true,"showVisualEffectGraphs":true,"m_FxEnabled":true},"in2DMode":false,"pivot":{"x":-6.673565864562988,"y":1.8726533651351929,"z":-10.677743911743164},"rotation":{"x":-0.044618766754865649,"y":-0.9291424751281738,"z":0.11940918862819672,"w":-0.34728875756263735},"size":0.44892746210098269,"orthographic":false}