{"cameraMode":{"drawMode":0,"name":"Shaded","section":"Shading Mode"},"sceneLighting":false,"audioPlay":false,"sceneViewState":{"m_AlwaysRefresh":false,"showFog":true,"showSkybox":false,"showFlares":true,"showImageEffects":true,"showParticleSystems":true,"showVisualEffectGraphs":true,"m_FxEnabled":true},"in2DMode":false,"pivot":{"x":10.511754035949707,"y":0.351457417011261,"z":44.569183349609378},"rotation":{"x":-0.015874847769737245,"y":-0.757146418094635,"z":0.01841183751821518,"w":-0.6528695225715637},"size":1.6360353231430054,"orthographic":false}